,full_text,sentimen,aspect
0,perth in grip of cvid wave amp  superspreader coldplay concerts this weekend  over k people k flying in from elsewhere   epidemiologist  says wear mask preferably n on public transport amp  at stadium      ,Neutral,no aspect
1,reading all the tweets abt how chaos coldplay concert last night due to poor management from promoter made me glad taylor didnt add indonesia in eras tour list,Negative,no aspect
2, malaysia kita benci lgbt movement  holds coldplay concert,Neutral,no aspect
3,i still cant figure it out why i dont have the fuckin ticket for coldplay concert why the fuck some of those fomo gangs that only knows yellow or fix you got the fuckin ticket like howwww this is so unfair,Negative,ticket
4,coldplay concert tix cutie,Positive,no aspect
5,the way that virtually no tweets about yesterdays coldplay concert except for chris martin taking a walk in sudirman reached my timeline  ,Negative,no aspect
6, next concert i will see it ,Neutral,no aspect
7, singapore just take advantage with longer concert with most audiences also from indonesia,Positive,no aspect
8,   yes pas pusat should hold all their activities there eg annual party convention ceramah politik protest against coldplay concert  issue fatwa that all diehard pas supporters to holiday there and nowhere else eg golok london singapore,Positive,no aspect
9,waking up and realize that your friends send you coldplay concert videos is sooo nyebelinnn ,Positive,no aspect
10,all those coldplay concert footage in jakarta surely bring back all the great old memories in   so maybe thats why you coming to my dream again ya ,Positive,experience
11,me  not opening tiktok and insta to avoid coldplay concert  me open twitter  aaaaaaaaaaaaaaaaaaaaaaaaaaaaaaaaaaaa ,Negative,no aspect
12,more than  conservative muslims marched in indonesias capital on wednesday calling for the cancellation of a coldplay concert that night over the british bands support for the lgbtq community ,Positive,no aspect
13, see u on the next concert promise u will comeback to indonesia,Positive,no aspect
14,lastnite was coldplay concert at gbk oh ,Neutral,no aspect
15,i didnt know coldplay concert in jkt had chaos at the back its crazy how some people felt no embarrassment asking to open the gate and entering without tix lmao,Negative,no aspect
16, enjoy coldplay  their concerts are so much fun  looking forward to hearing all about it ,Positive,no aspect
17,me with my coldplay concert,Neutral,no aspect
18,scientists warn coldplay fans to dust off face masks ahead of perth concerts ,Negative,no aspect
19,dang now thats what i call wishful thinking imagine coldplay playing a concert in vietnam,Positive,no aspect
20,mark my words i will watch coldplay concert before i die unless they retire after mots tour,Negative,no aspect
21, the best experience concert i came in jakarta ,Positive,experience
22, kicking people off flights to perth and changing the flights to saturday not sure how were going to make the  concert     ,Negative,no aspect
23,my universes fancams are so beautiful   crying seeing my bangtan on screen and almost becomes envious towards my friend who went to coldplay concert,Positive,no aspect
24,id do anything for coldplay to have a concert in nigeria,Neutral,no aspect
25,coldplay concert india  tickets price booking dates for asia tour ,Neutral,ticket
26, multi day concert please,Positive,no aspect
27,i really wish to go to a coldplay concert,Positive,no aspect
28,the dark side of  concert in jakarta ,Neutral,no aspect
29,tbh coldplay was one of the best concerts i ever went to i miss it a lot,Positive,no aspect
30,scientists warn coldplay fans to dust off face masks ahead of perth concerts  university of western australia epidemiologist zoe hyde said anyone attending the concert should wear a mask preferably an n on public transport and at the stadium   ,Negative,no aspect
31,i was like ready to have some jealous with coldplay concert but nvm my expectation is kpop concert ijbol,Positive,no aspect
32, its really good to see this amp  i cant make it to their concert in snbj soon which is on upcoming wednesday and i have already let go the tickets it was a tough decisions ever for me but i really really need to  inshaallah see you in   ,Positive,no aspect
33,muslim antilgbt groups descend on coldplays first concert in indonesia ,Neutral,no aspect
34,what happened at the coldplay concert,Neutral,no aspect
35,conservative muslims in indonesia protest coldplay concert over the bands lgbtq support ,Positive,no aspect
36,  best concert  ,Positive,no aspect
37, the coldplay weekend trip concert potential,Neutral,no aspect
38, best concert in my life thx for amazing performance  coldplayjakarta,Positive,no aspect
39, they were at the coldplay concert and she so happened to be there too ,Neutral,no aspect
40,  some people were protesting against the concert in indonesia saying coldplay support lgbtq,Neutral,no aspect
41,coldplay covid concert fears  proudly sponsored by pfizer ,Positive,no aspect
42,muslim antilgbt groups descend on coldplays first concert in indonesia coldplay gayrights ,Neutral,no aspect
43, definitively knows how to rock it on stage your concerts are spectacular and particularly loved the one at the rose bowl in la congrats to one of the most successful bands of the st century  ,Positive,experience
44,conservative muslims in indonesia protest coldplay concert over the bands lgbtq support ,Positive,no aspect
45,wts want to sell coldplay concert in singapore   january  tix cat  sec  row j original price  send me a dm if you are interested  all proof by dm   coldplay,Positive,ticket
46,from copland to coldplay our senior music ensembles performed their chosen repertoire for friends and family in our endofyear music ensembles concert congratulations to all our musicians for a delightful night of music ,Positive,experience
47,sacrificed my jan  filed leave filed this para sana i get enough rest for coldplays concert the next day pero as a naghihingalo leave credits q pa lang no choice ako but iretract to puyat gaming nanaman before an event lets gaur  for fate in taipei,Neutral,no aspect
48,muslim antilgbt groups descend on coldplays first concert in indonesia ,Neutral,no aspect
49,coldplay concert india  tickets price booking dates for asia tour ,Neutral,ticket
50,coldplay had the best concert of  for me i saw a lot of people bey in second place but coldplay my goodness  its a show of a lifetime if you get a chance to see them live go,Positive,experience
51,gila coldplay concert indo really chaos like wtf bruh,Negative,no aspect
52,one of my favorite song of all time clocks by   what a wonderful concert coldplayinjakarta ,Positive,no aspect
53, please if you going back to indonesia make a multiday concert like in singapore switzerland thailand etc  or if you want to go to another city in indonesia its okay i think if coldplay held a concert in surabaya or bali beside jakarta maybe will also succeed,Positive,no aspect
54, one coldplay concert before my last breath amen,Neutral,no aspect
55, i really have only few wins in my life one of them was watching your concert guys thank you for coming to jakarta ,Positive,no aspect
56, you say that after every concert,Neutral,no aspect
57, most indonesians are not extremists  if people want to listen to coldplay at the concert let them,Positive,no aspect
58,am coldplay show to go on despite antilgbtq threats british poprock band coldplay will perform its scheduled concert in jakarta on wednesday night despite calls by antilgbtq demonstrators in theÂ      view article ,Positive,experience
59,keren banget   you guys are amazing the best concert experience ive ever had thank you for coming to indonesia please comeback again on the next tour coldplayjakarta ,Positive,experience
60,conservative muslims in indonesia protest coldplay concert over the bands lgbtq support coldplayjakarta coldplayinjakarta  lgbtq ,Positive,no aspect
61,the other side of the successful coldplay concert in jakarta there were sad stories about many people whose tickets were said to be invalid when in fact they bought them themselves heres the thread   coldplayjakarta coldplayinjakarta,Positive,no aspect
62,conservative muslims in indonesia protest coldplay concert over the bands lgbtq support  ,Positive,no aspect
63, remember to concert every week chris,Neutral,no aspect
64,violent clashes in indonesia as protesters call for coldplay concert to be scrapped over bands support of lgbtq community ,Negative,no aspect
65,conservative muslims in indonesia protest coldplay concert over the bands lgbtq support  via ,Positive,no aspect
66,just an unusual photo from the concert   thank you for one of the best night ever    coldplayjakarta  theywillbeback ,Positive,no aspect
67, what a dream come true  thank you for the best concert experience ,Positive,experience
68, ive been to several coldplay concerts they are amazing,Positive,no aspect
69,wtb want to buy coldplay malaysia cat   tickets cod only  tags wts wtb want to buy coldplay concert malaysia,Positive,no aspect
70,the sort of antigay regime the propalestinian protesters desire  muslim antilgbt groups descend on coldplays first concert in indonesia ,Positive,no aspect
71,all of my irls are at the coldplay concert,Neutral,no aspect
72,tbf  coldplay gigs are an affront to humanity  muslim antilgbt groups descend on coldplays first concert in indonesia ,Neutral,no aspect
73,enjoy your last coldplay concert in indonesia,Positive,no aspect
74,just had the best concert ever and the happiest day of my life thankyouuuu ,Positive,no aspect
75,probably the best concert ive ever been to the energy the vibe lighting sound people around me thank you   been waiting for this moment please come back coldplayjakarta  ,Positive,experience
76, cant wait for the second concert in indonesiaaa,Neutral,no aspect
77,probably the best concert ive ever been to thx  ,Positive,no aspect
78, best concert ever for me wish you can sing the astronout but over all very enjoying all performance we want more visit from you guys ,Positive,no aspect
79,had so much fun today coldplay concert was worth every penny for reaaaallllll,Positive,ticket
80,guess who cried on a coldplay concert during my universe,Negative,no aspect
81, well be waiting and youre welcomed anytime come back folks there are still many many more people who wanna attend your concert  rest well and have a great asian and perth tour ,Positive,no aspect
82,conservative muslims in indonesia protest coldplay concert over lgbtq support   ,Positive,no aspect
83,coldplay concert is amazing watch it if you havent ,Positive,no aspect
84,dozens of conservative muslims marched in indonesias capital on friday calling for cancellation of coldplays concert later this month saying the british bands support of lesbian gay bisexual and transgender will corrupt young people ,Positive,no aspect
85, will you redo a manchester concert ,Neutral,no aspect
86, amazing concert guys  coldplaylatam,Positive,no aspect
87, always amazing concerts guys ,Positive,no aspect
88,all those lbgt groups for hamas pls note  muslim antilgbt groups descend on coldplays first concert in indonesia ,Positive,no aspect
89,flew all the way from sydney for the best concert ever tonight will be an unforgettable night coldplayinjakarta gotta admit that this one has beaten the one at the royal albert hall that i went to fucking awesome crowd indonesia next stop sydney please   ,Positive,experience
90,you gotta come back here and do a  days concert   you know we got a millions of people across the country with complexities to buy a tickets who wants to watch you guys playing live so disappointed ,Negative,experience
91, too cute thx for coming here i had to experience one of the best concert come again,Positive,experience
92, next time make it  days concert in indonesia,Neutral,no aspect
93,finally    thank for amazing concert in my life see you soon im promise ,Positive,no aspect
94,just remembered that im going for coldplays concert next week oh my god i almost forgot,Positive,no aspect
95,best concert ever thank you ,Positive,no aspect
96,so my upcoming concerts coldplay in kl ed sheeran in kl niall horan in sg,Neutral,no aspect
97,probably the best concert ive ever been to i love the energy the souls lightning sound people who is in love around me ive been waiting for this moment  pls come back indonesia truly love you,Positive,experience
98,malaysian are hypocrites we bullied saudi for having a concert yet we are here welcoming coldplay ,Negative,no aspect
99,alhamdulillah the best night ever with mrs carrisa st time coldplay concert in indonesia and for me st time international concert  ,Positive,no aspect
100,the most beautiful concert  coldplay ,Positive,no aspect
101,yoongi had fun at coldplay concert today guys ,Positive,no aspect
102,konser coldplay jakarta bener best concert ever,Positive,no aspect
103,coldplay music of the spheres jakarta  the prettiest concert ever look at all the lights ,Positive,experience
104,  sky full of stars was playing on the radio when i got home and thought of you at the concert,Positive,no aspect
105,conservative muslims in indonesia protest coldplay concert over the bands lgbtq support ,Positive,no aspect
106, coldplay concert in jkt last night people force their way in,Neutral,no aspect
107,over  conservative muslims marched in indonesias capital on wednesday demanding the cancellation of a coldplay concert due to the british bands support for the lgbtq community ,Positive,no aspect
108,harus bgt once in a lifetime nonton coldplay sihhh such a beautiful concert ,Positive,no aspect
109,hah gila maliq dessentials jd line up concert coldplay,Neutral,no aspect
110,i just come back from my little adventure with my friend we went to coldplay concert to buy a ticket for my friend and we got nothing because all the prices were overpriced so we just walked around had chicken wings for dinner and back to the venue to watch a softball match ,Positive,ticket
111,to all my coldplay friends who attended tonights concert may you all have a great way to deal with post concert depression  coldplayjakarta coldplayinjakarta coldplayindonesia,Positive,no aspect
112,one of the best concert ever thank you   coldplayinjakarta musicofthespheresworldtour ,Positive,no aspect
113,  violent clashes in indonesia as protesters call for coldplay concert to be canceled due to the bands support for the lgbtq community ,Negative,no aspect
114, coldplay had a concert movie in theaters earlier this year coldplay  music of the spheres i saw at amc back in april ,Neutral,experience
115,someday  watch and attend to coldplays concert,Neutral,no aspect
116,conservative muslims in indonesia protest coldplay concert over the bands lgbtq support ,Positive,no aspect
117,demi nonton concert coldplay wa ganti warna rambut cut my bangs and be so girly xixixi,Negative,no aspect
118,good for them their country their rules muslim antilgbt groups descend on coldplays first concert in indonesia ,Positive,no aspect
119,wts coldplay concert in singapore   saturday th january    general standing festival only  tix dm for details  coldplayinsingapore coldplaysingapore motsworldtourinsg coldplaytickets motsinsingapore coldplaysg coldplayinsg wtscoldplay wtscoldplaysg,Positive,no aspect
120,today i got my rejection letter which i thought and was positive i will be accepted  but i had to go to coldplay concert so i was kindaaaaaa  happy and sad,Positive,no aspect
121, ure sooooooo fuckin awesome guys thank u for make a wonderful amp  colorful concert in jakarta  coldplayjakarta,Positive,no aspect
122,istg coldplay concert is so chaos bikin malu,Negative,no aspect
123,defo alot to learn as an event organizer wannabe from the coldplay concert shenanigans  iron grip dicipline should be our main concern,Neutral,no aspect
124,wts coldplay in singapore     tix cat  section x    tix standing pen    tix cat  section x    tix standing pen  full payment only will be ensured until entering the concert area ina bank transfer paypal  coldplayinsg ,Neutral,no aspect
125,my universe at the coldplay concert in la cant wait to meet my ot  my bangtan  my bts   ,Neutral,no aspect
126,what the fucking hell coldplay x maliq i said coldplay with maliq dessentials at todays concert mom i want to see thattt,Negative,no aspect
127,even terug denken aan coldplay concert toen ze everglow speelde zo hard gejankt can you play everglow because our friend cant glow anymore   ik mis je elies ,Positive,no aspect
128,one of the best concert in my life  thank youuu  you promised us to come back here soon and doing the concert in jakarta every week  coldplayjakarta ,Positive,no aspect
129,i do hope coldplay concert can be cancel it at the west malaysia as it will give chances for the east malaysia states to organise it,Positive,no aspect
130,  coldplay concerts are the best ,Positive,no aspect
131,muslim protesters demand the cancellation of a concert by british rock band coldplay which the protesters say supports lgbtq rights in violation of muslim doctrine near the gbk stadium where the band is scheduled to perform on the same day in jakarta on nov   ,Negative,experience
132,breaking protesters in indonesia call for coldplay concert to be scrapped over bands support of lgbtq community  ,Positive,no aspect
133,was coldplay doing a live concert ,Neutral,experience
134,daechwita coin purse making me feel extra cunty for coldplay concert thankiiies  ,Neutral,no aspect
135, wootteo spotted at coldplay concert in jakarta tonight welcome to jakarta wootteo   wootteo was bored because jins father was in the army so he went with uncle chris to jakarta to meet his mother   jin   btsjin coldplayinjakarta ,Positive,no aspect
136,looking at bmth and coldplay concert drama im so glad oor concert lancar dan aman except for kualitas merchnya yang ampas lmao,Positive,no aspect
137,tl my another acc full coldplay rn makin gabisa tdrrr so much amaze concert hwaaa ,Positive,no aspect
138, lisa have you seen the clips on here of the coldplay concert in jakarta indonesia looks amaze ,Positive,no aspect
139,goodbye to all the kpop concerts ive watched before  minggir kalian semua coldplay mau lewat,Neutral,no aspect
140,i thought id get fomo seeing coldplay concert snippets but apparently no lol im that immune to overplayed pop star huh,Positive,no aspect
141,since going to a music concert has been a thing i cant even count chaotic moments on two hands and it is embarassing cant really wait to know what really happened in the coldplay concert i bet there must have been chaotic stuff going on too lol,Positive,experience
142,muslim antilgbt groups descend on coldplays first concert in indonesia ,Neutral,no aspect
143,wtb coldplay concert singapore dm plsss coldplay singapore,Neutral,no aspect
144,chris martin pantun is the best i repeat the best moment of the concert tonight  you were epic coldplayindonesia coldplayinjakarta ,Positive,experience
145,best concert ever  coldplay  gila experience tergila,Positive,experience
146,woi coldplay seru banget real  best concert ive attended,Positive,no aspect
147,those who said theres no bad seat at coldplay concert    nggak kaaak ada stage c kaaak  stage c superioor kaaaak,Negative,facility
148,violent clashes in indonesia as protesters call for coldplay concert to be scrapped over bands support of lgbtq community ,Negative,no aspect
149,my timeline is full of coldplay concert in jakarta,Neutral,no aspect
150,i am going to coldplays concert in singapore at january i am going to coldplays concert in singapore at january i am going to coldplays concert in singapore at january i am going to coldplays concert in singapore at january,Neutral,no aspect
151,no phone the whole coldplayinjakarta concert every second recorded on my mind  thank you for today  see you again on  jan  at singapore  coldplayindonesia ,Positive,no aspect
152, the media really like to exaggerating stuff with few hardliners being the highlight to spread propaganda meanwhile this is coldplay in full pack stadium concert in indonesia ,Positive,no aspect
153, we waited years just for one day concert pls make it at least  days concert,Positive,no aspect
154,haidilao giving free bus to haidilao after coldplay concert is another level of marketing  ,Positive,no aspect
155,x has incredible update news on such as coldplay concert in jakarta through many ash about fake ticket,Negative,ticket
156,i watched a lot of concerts in  i also watched coldplay in bangkok but tbh coldplayinjakarta tonight was the prettiest and most beautiful music concert ive ever watched wah gila kek lu harus nonton sih sekali dalam hidup lu,Positive,experience
157, go try harder with exaggerating media propaganda bait this is coldplay in full pack stadium concert in indonesia ,Negative,no aspect
158,protesters all over the world are protesting over anything these days from palestine to coldplay concert yet youll hear them complain about cost of living crisis but not one person will start a protest against it with supermarkets or government costoflivingcrisis,Negative,ticket
159,dear armies who are going to coldplay concert find me to redeem hobi badge cause i got a lot left over   coldplayinkl ,Positive,no aspect
160,another music x lgbtq  story frm jakartawalked km cover lng this story but didnt tired at allmyb bcs im too disappointed rn coldplayinjakarta    conservative muslims in indonesia protest coldplay concert over the bands lgbtq support  ,Neutral,experience
161,breaking fierce clashes in jakarta protesters and police lock horns  in indonesias capital over coldplay concert the bands support for  lgbt community sparks controversy and protests jakarta coldplay ,Neutral,no aspect
162,i want to go to a coldplay concert alone so bad ,Negative,no aspect
163, any concert by coldplay should be stopped by anybody,Negative,no aspect
164,jakarta coldplay concert goers is the wristband sold  coldplay coldplayinjakarta,Neutral,no aspect
165,protesters in indonesia call for coldplay concert to be scrapped over bands support of   sky news ,Positive,no aspect
166,literally best concert experience thank you  ,Positive,experience
167,this has to be the wake up headline of the week  muslim anti lgbtq protesters demand coldplay concert be stopped ,Negative,no aspect
168,coldplay concert is tonight ,Neutral,no aspect
169,violent clashes in indonesia as protesters call for coldplay concert to be scrapped over bands support of lgbtq community ,Negative,no aspect
170,conservative muslims in indonesia protest coldplay concert over the bands lgbtq support no matter what the lgbtq community does they will never be accepted their religious beliefs wont allow it wake up wokesters ,Negative,no aspect
171,why this coldplay concert repo seems so chaos,Negative,no aspect
172,conservative muslims in indonesia protest coldplay concert over the bands lgbtq support whio tv  and whio radio indonesianews indonesianews worldnews asianews breakingnews video more than  conservative muslims marched in indonesias capital ,Positive,no aspect
173, sad that its another year that has passed me by but delighted that i have my health my family a holiday and  concert to go to  ,Positive,no aspect
174,tapi concert noah boleh   people can attend the concert amp  still show solidarity ok coldplay also has long expressed their support for palestine ,Positive,experience
175,going to a coldplay concert is a goal of mine,Neutral,no aspect
176, binusan wtb tickets concert coldplay sg,Neutral,no aspect
177,concert coldplay cancel ah sebab pas marah p,Negative,no aspect
178,im not even counting down the days for christmas or new years     days til coldplay ph concert ,Neutral,no aspect
179,  my girls enjoyed coldplay concert more than taylor swift,Positive,no aspect
180,conservative muslims in indonesia protest coldplay concert over the bands lgbtq support    ,Positive,no aspect
181,  respect the artist please this is coldplay concert,Positive,no aspect
182,le premier concert postcovid lanniversaire de seokjin megan thee stallion et coldplay you had to be there,Neutral,no aspect
183, jakarta vibes maybe scheduled more days for jakarta in the next concert,Neutral,no aspect
184,wait isnt coldplay also having a concert the same day as ncts imagine the traffic omg  wait so that means nct will prob be in the sports stadium since coldplay is using ph arena ,Neutral,no aspect
185,it really warms my heart and soul seeing so many happy people at the coldplay concert in jakarta,Positive,no aspect
186, phil now you know why jakarta need  days concert is there any question   meanwhile im running to singapore in next  months just to meet you guys ,Neutral,no aspect
187,the coldplay concert venue is not allowing any laptop or tablet to be brought in and here i was thinking maaaybe i can do some work before they start ,Neutral,facility
188,need a coldplay concert in my life,Neutral,no aspect
189,violent clashes in indonesia as protesters call for coldplay concert to be scrapped over bands support of lgbtq community ,Negative,no aspect
190, do you agree with the pro palestine in indonesia that want to cancel the coldplay concert,Positive,no aspect
191,violent clashes in indonesia as protesters call for coldplay concert to be scrapped over bands support of lgbtq community ,Negative,no aspect
192,coldplay concert looks fun,Positive,no aspect
193,wait im going to be at coldplay concert during ticket sales  ,Neutral,ticket
194, of all the reasons to scrap a coldplay concert,Neutral,no aspect
195,protesters in indonesia call for coldplay concert to be scrapped over bands support of lgbtq community ,Positive,no aspect
196,dear god this only applies for coldplay concert please forgive me,Positive,no aspect
197,if you guys plan nak pergi singapore next year for coldplay and taylor swift concert you can join this bus trip from jb  singapore national stadium  back to jb   you can save a lot for your accommodation   ,Positive,no aspect
198,socmed full of concert coldplay bikin mengiri ,Neutral,no aspect
199, could have stopped at want coldplay concert scrapped and i would have understood,Negative,no aspect
200,coldplay is in indonesia right now my wife told me they would be good for concert movie too any big acts dont necessarily think of only what bands you like personally apes think what bands are popular to the masses amc ,Positive,no aspect
201,more than  conservative muslims marched in indonesias capital on wednesday calling for the cancellation of a coldplay concert that night over the british bands support for the lgbtq community  ,Positive,no aspect
202,there are lots of legitimate reasons for demanding a coldplay concert is cancelled  this is not one of them,Negative,no aspect
203, yes big accounts amp ppl who are making coldplay pink other performers trend  many prob dont realize this is a thing but they could help open the gates amp  cause avalanche of new concerts at amc next yr  msm isnt covering the concert atmosphere at all ,Positive,experience
204, great scrap those concerts and come do extra in uk would love to see coldplay but all tickets sold out,Positive,no aspect
205,protesters in indonesia call for coldplay concert to be scrapped over bands support of lgbtq community  ,Positive,no aspect
206, this what radical islam is    muslim antilgbt groups descend on coldplays first concert in indonesia,Neutral,no aspect
207,there are many ways to be offended by a coldplay concert but that isnt one of them,Negative,no aspect
208,a large banner read reject cancel and disband coldplay concerts  ,Negative,no aspect
209,pov you couldnt witness coldplays first concert in jakarta  totally cry in a sky full of stars ,Negative,no aspect
210,wootteo spotted at coldplay concert in jakarta tonight welcome to jakarta wootteo   an army tagged us this at the concert  thank you   fix wootteo ikut om chris kemana mana  cr jinhitwwh jin   btsjin ,Positive,no aspect
211,i have left my office before the concert ends to avoid traffic adios coldplay it was super nice to sing along with you from almost  floors above the ground  ,Positive,no aspect
212,protesters in indonesia call for coldplay concert to be scrapped over bands support of lgbtq community  read more  ,Positive,no aspect
213,it is not actually so wrong when a nonfan attending coldplay concert for the vibesbcs its literally this cool ,Negative,no aspect
214,wts coldplay in singapore     tix cat  section x    tix standing pen    tix cat  section x    tix standing pen  full payment only will be ensured until entering the concert area ina bank transfer paypal  coldplayinsg ,Neutral,no aspect
215,send me your coldplay concert tonight plsssssss need every hiburan i can get,Neutral,no aspect
216,coldplay concert india  tickets price booking dates for asia tour ,Neutral,ticket
217,oh to experiencing a coldplay concert at least once before die,Negative,no aspect
218, it was a very hot and wonderful concert i can tell the post through the drums the picture is so cute im always looking forward to it,Positive,no aspect
219, have fun in indonesia im sad because i cant come to the concert yet,Positive,no aspect
220, you post it during the concert  awwww this is so sweet will you think of us during the concert  you are such a sweety love you ,Positive,no aspect
221, please come back next concert,Positive,no aspect
222, it doesnt seem possible at ph arena because there is a coldplay concert on  right,Neutral,no aspect
223,i just miss muse concert so much  but here is coldplay from tokyo dome   they performed my fave track charlie brown fun concert fun time with my bestie  ,Positive,no aspect
224,anjir biggest ticket concert scam of the year inimah coldplay indo anyingggg,Negative,ticket
225,hundreds of conservative muslims protested outside coldplays first ever concert in indonesia on wednesday clashing with police and booing concertgoers over the bands support for the lgbt community ,Positive,no aspect
226,hundreds of conservative muslims protested outside coldplays first ever concert in indonesia on wednesday clashing with police and booing concertgoers over the bands support for the lgbt community ,Positive,no aspect
227,enjoy ur coldplay concert umi sygggg  lt ,Positive,no aspect
228, having fun guys  semoga next concert bisa nonton i lob you coldplay ,Positive,no aspect
229,no bad seat on coldplays concert for sure ,Negative,facility
230,not going to a coldplay concert might be one of the regrets later in my life,Negative,no aspect
231,this happened when coldplay is having a concert in indonesia ,Neutral,no aspect
232,conservative muslims in indonesia protest coldplay concert over the bands lgbtq support from  ,Positive,no aspect
233,trying to enjoy coldplay concert by my friends igstory,Positive,no aspect
234,fully supporting this idea the concert should either be canceled or postponed to a more suitable time its important to express solidarity with our muslim brothers and sisters in palestine rather than enjoying ourselves at the coldplay concert ,Positive,no aspect
235, fully supporting this idea the concert should either be canceled or postponed to a more suitable time its important to express solidarity with our muslim brothers and sisters in palestine rather than enjoying ourselves at the coldplay concert ,Positive,no aspect
236,first song  omg the sound system for  concert in jakarta even sounds great  im impressed   coldplayjakarta,Positive,experience
237,god is real bc thank god i didnt try to go to the coldplay concert or else i wouldve gotten my period at those concert bathrooms like i would actually kms,Positive,no aspect
238,we heard the crowd is here waiting for coldplay and chris martin for their first performance in jakarta  tap  if you join the concert ,Positive,experience
239,coldplay granted new music and art visas for jakarta concert  tempoenglish,Positive,experience
240,manifesting another coldplay concert oneday so i can able to pay it bismillah,Negative,no aspect
241,wishing ppl who attend coldplay concert could take a sky full of stars transition video trend in the most beautiful way as possible bcs spending almost two damn hours in kuningan traffic was really messy so better make something out of it,Positive,no aspect
242, proof ticketing service coldplay music of spheres concert in jakarta  jkpopstarzz ,Neutral,experience
243,wooww  stage in jakarta looks as good as their concerts overseas im truly impressed now im looking forward to the sound system,Positive,experience
244,what do these islamic groups have against coldplay in particular like ive gone to several concerts the past month that no one gave a rats ass about,Negative,no aspect
245,coldplay concert next week and im just vibing with a rm ticket not studying the setlist ,Neutral,ticket
246,damn coldplays malaysia concert guidelines are kinda confusing and scary ,Negative,no aspect
247,coldplay is currently holding a world tour concert titled music of the spheres in several countries one of which is indonesia the british band held a concert in jakarta at gelora bung karno on wednesday   seatoday seatodaynews coldplay  musicofthespheres ,Neutral,experience
248,  has the concert not started yet,Neutral,no aspect
249,anti lgbt movement stage demonstration against coldplay concert in jakarta  tempoenglish,Negative,experience
250, bts iu shinee kygo coldplay cons puhon  ultimate goal concerts to see ,Neutral,no aspect
251,wts lfb wts   coldplay in jakarta cat   tickets  gbk stadium  november deposit is k   interested and serious buyers dm pls and willing to deposit dm  minutes to the concert   coldplayjakarta  coldplayjakarta coldplayinjakarta  coldplayticket,Positive,no aspect
252,  we have no problem if you want to concert in our country but remember one thing dont campaign lgbt coz lgbt will never be part of indonesian culture,Negative,no aspect
253,conservative muslims in indonesia protest coldplay concert over the bands lgbtq support ,Positive,no aspect
254, have fun in indonesia im sorry after waiting  years i still cant watch your concert guys,Positive,no aspect
255, im ready to see instagram stories twitter and fyp tiktok of people who come to the concert,Positive,no aspect
256,so excited for my daughter to have her st coldplay concert experience  in jakartas gbk stadium  lets have fun pippa  ,Positive,experience
257,oh damn ppl fr watching coldplay like i gen forgot it was gnna b an actual concert bkn cmn rebutan tiket kek idup mati alias fomo,Negative,no aspect
258,wts lfb wts   coldplay in jakarta cat   tickets  gbk stadium  november deposit is k   interested and serious buyers dm pls and willing to deposit dm  minutes to the concert   coldplayjakarta  coldplayjakarta coldplayinjakarta  coldplayticket,Positive,no aspect
259,almost  police and other security personnel are on duty at tonights coldplay concert at gelora bung karno stadium in jakarta its the british bands first ever concert in indonesia        motswt   via ,Positive,no aspect
260, just concerts dont campaign for lgbt in our country,Neutral,no aspect
261,coldplay concert india  tickets price booking dates for asia tour ,Neutral,ticket
262,enthusiasm soars high for coldplay concert in jakarta ,Positive,no aspect
263,me couldnt see  concert in jakarta  so sadcouldnt listen for his songs on spotify at all for weekscouldnt concentratesick gerd  me couldnt see  concert in jakarta a little sad but okay thats fine  waiting for live report  i like them,Positive,experience
264,im so tempted to buy coldplay concert tix,Neutral,no aspect
265,enjoy the concert coldplay,Positive,no aspect
266,coldplay concert india  tickets price booking dates for asia tour ,Neutral,ticket
267,all these one time performances that will never happen again since hobipalooza and i have not been to a single one  jin with coldplay joons indigo concert promotion performances on talk showsmusic shows not even yoongis tour ,Neutral,no aspect
268,kaohsiung fines  hotels for raising rates during coldplays taiwan concerts  taiwan news    ,Neutral,no aspect
269,gak nonton coldplay malam ini gapapa tapi tetep senang liat temanteman yg nonton pada excited   enjoy the show hope you had a magical night and hope it makes the best concert youve ever been to like it did to me  ,Positive,experience
270,conservative muslims in indonesia protest coldplay concert over the bands lgbtq support ,Positive,no aspect
271,are you ready for the concert of the year prepare yourself for coldplay music of the spheres world tour   head on over to our ig and fb to check out the event guide to ensure you have a smooth experience  for the full event guide head to   ,Positive,experience
272,are you ready for the concert of the year prepare yourself for coldplay music of the spheres world tour   head on over to our ig and fb to check out the event guide to ensure you have a smooth experience  for the full event guide head to   ,Positive,experience
273,anyone jual coldplay concert ticket cat  or  coldplaykl,Neutral,ticket
274,i think about how my coldplay concert is the day before  in bulacan like pleeeeeeaargrhtbghnrnenenamrm markkkkkkkkkk fly in  days earlier please go with meeeeeenrntnte,Positive,no aspect
275, i dont mind people standing up at concerts  its drunk people i cant stand they have ruined coldplay and sam fender for me this year why do people have to get hammered at gigs,Negative,no aspect
276,i nak tiket coldplay concert laaa,Neutral,no aspect
277,one of mj followers on ig posted on her instastory and tagged us she is attending coldplay concert in jakarta and taking picture in front on stadium while holding jins banner  enjoy the concert  ,Positive,no aspect
278,conservative muslims in indonesia protest coldplay concert over the bands lgbtq support  ,Positive,no aspect
279,conservative muslims in indonesia protest coldplay concert over the bands lgbtq support ,Positive,no aspect
280,hua quite sad cuz i cant attend coldplay concert and jungkook golden concert too although i probably wont even win  but its ok cuz my friends will lol,Positive,no aspect
281,slightly fomo coldplay tapi january ada nct unity huhuhu gapapa lets save up for concerts that i truly like and will enjoy to the fullest ,Positive,no aspect
282,feels quite strange that some people thousands of miles away are about to know the lifeaffirming experience the pure happiness and sheer joy that a coldplay concert brings meanwhile for me its just wednesday,Positive,experience
283, drive in concert  coldplayinjakarta ,Neutral,no aspect
284,makes me cant wait to go coldplay concert next year,Neutral,no aspect
285, showing ur colours as a muslim  hehehe  coldplay concert timing deemed insensitive amid palestine humanitarian crisis ,Negative,no aspect
286,conservative muslims in indonesia protest coldplay concert over the bands lgbtq support ,Positive,no aspect
287,whoa i guess more trains are operated than usual because of coldplay concert lol the interval was shorter so i got home faster ,Positive,no aspect
288, thank you im off to perth which is on the other side of the country for me going to the coldplay concert this weekend ,Positive,no aspect
289,coldplay came and its concert venue is almost right across my ofice tower add anti lgbt demonstration  imagine the traffic,Negative,facility
290,breathing the same pollution as coldplay rn and cant attend the concert bc of work ,Neutral,no aspect
291,jakarta a city not known for the efficient flow of its motor vehicle traffic is attempting to host tonight a meeting of eighteen asian defense ministers and their motorcades alongside a coldplay concert which has turned into a onceinadecade national cultural event,Positive,no aspect
292,  hi i am from taiwan could you please picture amp  share the recycled rate on the screen today in the concert wish you all have an amazing night,Positive,no aspect
293,coldplay are doing a concert here in perth on saturday thankfully i leave on friday ,Positive,no aspect
294,were going to coldplay concert ,Neutral,no aspect
295,so sad but not to sad knowing coldplay concert rn in jkt ,Negative,no aspect
296,two concerts held by british rock band coldplay at the kaohsiung world games stadium over the past weekend attracted more than  fans and generated about nt million us million in revenue for the southern taiwan port city ,Positive,experience
297,sending all my positive vibes and best wishes to  for their jakarta  concert  may the music of music of the spheres fill the air with magic and joy nambiaradarshnarayananpv coldplayjakarta musicofthespheresworldtour musicofthespheres ,Positive,experience
298,another exhausting day karena ada event kantor pas coldplay concert day ,Negative,no aspect
299,ive been in the car for  hours the traffic cuz of coldplay concert is crazy,Negative,no aspect
300,im mentally ready to watch the coldplay concert from the many many ig stories,Positive,no aspect
301,so many extremist retard muzzies in my city lol theyre trying to cancel coldplays concert now,Negative,no aspect
302,ramp b singer rahmania astrini  is the special guest who will open coldplays music of the spheres world tour jakarta concert at the gelora bung karno gbk main stadium on wednesday    seatoday seatodaynews jakarta indonesia rahmaniaastrini specialguset coldplay ,Positive,experience
303,lf lfs wtb  selling  tickets coldplay magkatabi  day  jan   lower box b premium  row  seats  and  price  each orig price dm for deets  payment upon meet up manila area   concert philippine phil arena tickets mnl manila lf ic coldplay selling ,Negative,ticket
304,wts  ticket coldplay jakarta cat  masuk bareng boleh full cod urgent karena temen cancel minat dm quick  tags  jual tiket concert wts wtb beli coldplay konser,Negative,ticket
305,my though on this overhyped situationeven if coldplay concert they said it was the best or anythingelse remember bymean the best is very subjective to every person you shouldnt just take someone words and not processing it you should relate it to yourself,Positive,no aspect
306,people here are protesting over coldplay concert because they support lgbt lmaoo im so done  with indo locals man,Neutral,no aspect
307,selamat menikmati konser coldplay temanteman youll enjoy a concert of a lifetime,Positive,no aspect
308, perth for the coldplay concert ,Neutral,no aspect
309,coldplay concert india  tickets price booking dates for asia tour ,Neutral,ticket
310,i mean this coldplay enthustiasm is kinda wild and funny i am not the concert goers but its just fascinating to see how the roads are just fillleeedddd up with cars lining up and in gbk lots of people are like storms of ants,Positive,no aspect
311,after years i think this is the first time ive gotten the most fomo of  nevertheless wishing everyone to have a blast at the coldplay concert,Positive,no aspect
312,cousins are at the coldplay concert amp  they have zero experience with any concert  they have come to me for wisdom  see being a btxt stan makes you experience many useful things,Positive,experience
313,today  everyone turn their eye on the coldplay concert meanwhile i proudly chose to walk in the cinema for the opening day of past lives  sorry bro kita ,Positive,no aspect
314,cannot watch  in concert tonight so i pamper myself with  twist ice cream cone  its idr only less than us  ,Neutral,no aspect
315, the war between israel and palestine has been going on for years and t coldplay concert has nothing to do with palestinian suffering let people enjoy what they want to enjoy stop guilt trip them,Negative,no aspect
316,deepavali shouldnt be celebrated coldplay concert shouldnt be held nonmalays not sensitive to the feelings of malaysmuslims concerns for the people of palestine in conflict with israel ,Negative,no aspect
317,remembering this in light of coldplay jakarta concert today,Neutral,no aspect
318,basically amid the gaza war atmosphere a bunch of islamist politicians have called for coldplays concert to be boycotted or otherwise disrupted because they support lgbt well i mean they do,Negative,experience
319, next time will be me at coldplay concert  anyways enjoy the concert guys dont forget to keep safe ,Positive,no aspect
320,cant wait for the coldplay concert in malaysia next week,Neutral,no aspect
321, solidarity is solidarity support is support but life still need goes on just because we grief doesnt mean life has to come to a standstill imagine the economy impact because of concerts no wonder coldplay chose to do  days in singapore rather than malaysia bongok betul,Negative,no aspect
322,coldplays concert will be held in jakarta indonesia many rumors say it will not be held  so who is this ratio       ratio  ratiofarming  coldplayjakarta,Neutral,no aspect
323,many offices in jakarta ask their staff to leave early to avoid traffic caused by coldplay concert ,Negative,no aspect
324,didnt really want to post it here but considering this cleared  of my bucket lists i have to    going to a concert  coldplay concert  singing viva la vida in coldplays concert  coldplaykaohsiung ,Positive,no aspect
325,im probably not going to coldplay concert cuz i just didnt have the mood to but i wont bash anyone wholl be going some have even plan to bring  flags to express support there and thats good yg terpaling asyik nak bash org mcm ni tgk balik diri sendiri mmg suci sgt ke,Positive,no aspect
326,wtb ticket for coldplay concert preferably cat   coldplayinkl,Neutral,ticket
327,coldplay ada following ramai and this js one of their biggest concerts use the platform to promote awareness about palestine lah   to concert goers jangan lupa bawa bendera  atau pakai warna hijau,Positive,no aspect
328,bts will be on coldplays concert today in jakarta my universe,Neutral,no aspect
329,aaaahhh excited banget liat tementemen coldplay indonesia pada meet up sama nonton bareng have a very pleasant show my friends hopefully theyll have another concert in indonesia for the next era so we can attend the concert together coldplayjakarta,Positive,experience
330, hi chris look at jakarta make a ignor your concert right now and it has been tranding in  x land now,Neutral,no aspect
331,wts lfb ph  coldplay day    lbb premium ph arena concert mots,Neutral,no aspect
332,  depend on how strong coldplay etc stand behind their message i recall decades ago namewee try his first malaysia concert with countless protestor outside   namewee still standing strong as today with occasional concert,Positive,no aspect
333,wtb  want to buy coldplay jakarta   tix  cat    cod venue fullpay only no dp dp aku bayar sekarang cod scammer jauh  hit me up pls  tag wtt wts wtb ticket concert tiket konser coldplay jkt vip cat    ,Positive,ticket
334, those who guilttrip coldplay usually are the same crowd as all concertmusic are haram they will demonize all the stage performance local or foreign that they deem alien except nasheed,Neutral,experience
335,fyi coldplay literally mentioned genocide during one of their concert and wants to spread love worldwide   ,Positive,no aspect
336,coldplay concert in jakarta promotes sustainability initiatives  tempoenglish,Positive,no aspect
337,i will have my last laugh if the government decided to cancel coldplay concert,Positive,no aspect
338, they see the coldplay concert as an lgbt propaganda event  ,Negative,no aspect
339,dozens of muslim hardliners rally outside mulia hotel near the gbk stadium in central jakarta they demand a halt to the coldplay concert as a protest for the bands support for the lgbtq community reports said protesters scuffled with police causing severe traffic congestion ,Negative,no aspect
340,not really sure if its the translation  message of the post but op posting a reminder for coldplay concert goers to not bring an izone lightstick makes me   ,Negative,no aspect
341,ill make sure that ill jog around kl town few days before coldplay concert ,Negative,no aspect
342,i can only ugly crying bc no more coldplay concert when everyone is on it ,Negative,no aspect
343,local artiste bunga responds to negative opinions on her as opening act for coldplays kl concert  ,Negative,no aspect
344,coldplay concert day ,Neutral,no aspect
345,dah start dah statement suruh cancel concert coldplay,Negative,no aspect
346,malaysian muslim solidarity isma has expressed concerns about the upcoming coldplay concert scheduled for next week in kuala lumpur citing the ongoing humanitarian crisis in gaza palestine coldplay concert isma ,Negative,no aspect
347,today is my first coldplay concert  just shill icp to chris martin  ,Neutral,no aspect
348,todays top  news bmkg forecasts rain in jakarta amid coldplay concert krl guide to gbk stadium for coldplay concert  tempoenglish,Positive,no aspect
349,wtb coldplay infinitycat cat cat cat  reasonable priceunderprice  coldplay coldplayjakarta coldplayinjakarta zonauang concertcoldplay coldplaytickets wtb concert,Neutral,no aspect
350,sebagai team kalah war im not ready to see euforia coldplay scene concert,Negative,no aspect
351,  i was looking forward for coldplays concert  but coldplay support palestine kan sedih sbb under um uhuhu skrg tak tahu nak react cemana why why whyyyy,Positive,no aspect
352,  hey sure will send as as im home watching coldplay concert rn ,Positive,no aspect
353,meanwhile coldplay is using their concert platform to promote solidarity to palestine ,Positive,no aspect
354,a coldplay concert a kanye concert and im just good  it only has to be once,Positive,no aspect
355,my yo couldnt believe she would go to coldplays concert today,Neutral,no aspect
356,im so jealous of whoever is going to the coldplay concert today i still have to wait until next year to see them ,Negative,no aspect
357,the fact that banyak cici  koko experiencing mrt jakarta for the first time is    even the government failed to force them to use mrt only coldplay  jakarta traffic to the concert can,Negative,no aspect
358,  okey bang terpaling nak join concert coldplay,Positive,no aspect
359,wishing everyone a spectacular day at the coldplay concert today november     lets turn the music into a movement  lets follow their lead and make every beat count   coldplayconcert coldplayconcertjakarta gotionindonesia gotion goinnovation ,Positive,experience
360, tmi i cant wait for tonights coldplay concert,Negative,no aspect
361,jakarta is ready for their first ever  concert       follow us  ,Positive,no aspect
362,wts want to sell tiket coldplay jakarta    festival  cat   cat    trusted bisa check media twitter for previous concert  wa    coldplayinjakarta coldplayjakarta coldplayjakarta coldplayinjakarta coldplayjakarta,Positive,no aspect
363,ill be in line at coldplay concert too next week and my flight is in  days aaaahhhh i am not ready,Negative,no aspect
364,jin with me  coldplay concert in jakarta ,Neutral,no aspect
365,we are here  enjoy the concert para customer kami  open rentsewa samsung sewa iphone  samsung s ultra   booked iphone   booked telezoom  booked  coldplay music of the spheres   november    cod venue konser gbk stadium ,Positive,facility
366, i hope so too  unfortunately when i think of something like this i always think of the terrorist attack at the ariana grande concert in manchester thats always in my mind the people were all there just to have a great evening together ,Negative,no aspect
367,pantes macet baru inget coldplay concert,Neutral,no aspect
368,  weve got wiggles concert and coldplay in perth this weekend as well as all the other local gov events happening my council has their annual show  plenty of bodies to share this around,Positive,experience
369, you know indonesia one of the most demanding ticket for your concert despite you are aware of the wrack way ticket sales here you still give a day for indonesian fans here its so scary if you search penipuan coldplay here theres a lot thread about the scam,Negative,ticket
370,coldplay concert india  tickets price booking dates for asia tour ,Neutral,ticket
371,coldplay concert fit check ,Positive,no aspect
372,coldplayconcert omg hr ini,Neutral,no aspect
373,  hi can we request for the extension of operation hour on nov for coldplayinkl  one of the  green amp  sustainability movement is encourage concert goers to use public transport which you guys should support this initiative too tq  ,Positive,no aspect
374,wts tiket coldplay singapore  jan   tix normal price seat festival asap to dm  coldplayinsingapore coldplayconcert coldplayinsg,Positive,ticket
375,help rt wts coldplay world tour singapore   tix standing pen idr k  jan    proof order  cod jaksel  dpfullpay  kontak wa ig  minat dm  coldplaysingapore coldplayinsingapore coldplayconcert zonauang zonaba jastipkonser,Positive,no aspect
376,coldplay en el tiny desk concert ,Neutral,no aspect
377,coldplay concert india  tickets price booking dates for asia tour ,Neutral,ticket
378,the jakarta metropolitan police have prepared situational traffic engineering related to the coldplay concert scheduled to be held at gelora bung karno main stadium sugbk jakarta on wed  lets take a look at the following picture  seatodaynews  jakarta coldplay ,Positive,no aspect
379,should i boycott coldplay too ive already bought my  flags for their concert  ,Negative,no aspect
380,anyway have fun to yall whos heading to coldplay concert sing loud vibe hard make it lit and be safe otw home afterward,Positive,no aspect
381,wtb lfs    looking for    coldplay tix for ph day   seated together   ubb sides  ubc sides   concert philippine phil arena tickets mnl manila lf ic coldplay ubc sides ubb sides bulacan wts lfb selling,Neutral,no aspect
382,justin bieber et mes deux concerts de coldplay of course,Neutral,no aspect
383,next week concert coldplay ,Neutral,no aspect
384,bmkg forecasts rain in jakarta amid coldplay concert  tempoenglish,Neutral,no aspect
385,hi   nanti concert coldplay on nd november nak minta tolong extend lrt operation time maybe until  or am thank you,Positive,no aspect
386,coldplay concert india  tickets price booking dates for asia tour ,Neutral,ticket
387,  ticket vip  can cod in malaysia  november at coldplay concert dm me if u interested ,Positive,ticket
388,literally my mom telling everyone to boycot coldplay  while her daugthers were planning ahead before the concert maapin mama kami lgtm bukan lgbt  ,Neutral,no aspect
389,the way im more excited for stc hangout day than for coldplay concert aisnsisbisbs,Positive,no aspect
390,wts tix coldplay singapore  january  cat  section  row c seat number  amp    print at home ticket no need to worry you can also enter the concert venue with me please dm me for more information coldplayinsg coldplaysingapore coldplay ,Negative,ticket
391,coldplay concert india  tickets price booking dates for asia tour ,Neutral,ticket
392,coldplay and nicki best concerts ive ever been to,Positive,no aspect
393,hi concert coldplay music of the spheres world tour  di kota metropolitan jakarta indonesia to night     ,Neutral,experience
394,krl guide to gbk main stadium for coldplay concert accommodation  tempoenglish,Neutral,no aspect
395,im not a coldplay fan but i wish success for their concert tonight in jakarta ,Positive,no aspect
396,wtr rent sewa hp   samsung s ultra   free powerbank  gdrive  jaminan  kartu id  for concert only  twice  des k coldplay  nov  ikon  nov  gda  jan  the unity  jan   another concert dm,Positive,no aspect
397,can i buy the coldplay merch during the kl concert also where can i see the designs  note i am going to the sg one,Neutral,no aspect
398,i think i dah kena fikir outfit for my coldplay concert on january nanti ,Neutral,no aspect
399,today jins message arrived and today also coldplay concert in jakarta whatta day  have fun army yang ngajak wootteo ke konser coldplay   if you watch coldplay today remember to do not get cold as seokjin said  warm winter with jin jin   btsjin ,Positive,no aspect
400,i aint gonna be able to see coldplay concert today since ticket scalpers bought all the tickets and sold them higher than normal price thanks asshole youve ruined my childhood dream ,Positive,ticket
401,coldplay concert india  tickets price booking dates for asia tour ,Neutral,ticket
402,im going to coldplay concert next week  lookin forward for my universe,Neutral,no aspect
403,wts  tiket coldplay concert singapore  jan  general standing  festival                        minat dm   gass viva la vida  coldplayjakarta,Positive,no aspect
404,as i am watching jins video i realized that last night i dreamed of seeing him being at a coldplay concert ,Neutral,no aspect
405,wts  tiket coldplay concert singapore  jan  general standing  festival                        minat dm ,Positive,no aspect
406,pardon me for some morning tweets   its my day off and coldplays concert have a great day everyone,Positive,no aspect
407,open rent samsung s ultra   update available any concert and event  other event pricetnc dm coldplay nov ikon nov fm junho nov twice con dec  nct   jan   nct   jan  ,Neutral,no aspect
408,i need another coldplay concert in my life,Neutral,no aspect
409,drumroll please  we are excited to announce the winner of the coldplay music of the spheres giveaway on syok    congratulations  youre in for an unforgettable night with coldplay  see you at the concert   head over to syok here  ,Positive,experience
410,wtb ticket for coldplay concert coldplayinkl,Neutral,ticket
411,coldplays concert starts at almost  pm my old bones crack just thinking about it,Neutral,no aspect
412,can yall believe coldplay is having concert here in indonesia today which is wednesday,Neutral,no aspect
413,my manager suddenly took sick leave today is he going to coldplay concert or what,Negative,no aspect
414,wtb coldplay mots in jakarta seating tickets category  butuh  tickets if available for cod  tags  wts wtb sell buy jual beli tiket konser concert coldplay jakarta,Neutral,no aspect
415,and just like that coldplay concert next weeeeeeeek,Positive,no aspect
416,wtb coldplay concert  tix festival cat   cat  dm yaaa,Positive,no aspect
417,welcome to indonesia thank you for coming i hope you can enjoy the moments here i wish i could come to your concert  but can you say aku padamu i love you to the audience  ,Positive,no aspect
418,happy coldplay day to everyone wholl attend the concert today have the best time ,Positive,no aspect
419,i feel like a coldplay concert would have the same vibes as a hip christian church where they sing and have strobe lights,Positive,no aspect
420, fix they are going to coldplay concert wkwkkw,Neutral,no aspect
421,please dont do this people are going there to enjoy coldplays concert not to wave flags respect the artist and respect others,Positive,no aspect
422,lf passengers  coldplay carpool  available pickupdropoff batasan don antonio circle centris cubao sm north marikina bgc and moa   coldplay music of the spheres concert carpool shuttle vanpool ph philippines bulacan  ,Neutral,experience
423,people going to coldplay concerts and im going to fallen leaves screening for the better yearning experience yupp,Positive,experience
424,coldplay concert india  tickets price booking dates for asia tour ,Neutral,ticket
425,coldplay concert tonight if you love yourself avoid gbk from pm and better use mrt or tj not gojek or grab,Positive,no aspect
426,artist with the most concerts in a single tour at wembley stadium   taylor swift   shows  coldplay  harry styles   shows  ed sheeran   shows ,Positive,no aspect
427,wtb want to buy coldplay in jakarta cat   cod venue hmu on dm    coldplay jakarta wts wtb ticket concert,Positive,ticket
428,its  day cant watch the concert in jakarta but still in the mood to listen to their songs in spotifyplaylist      cause youre a sky cause youre a skyfull of stars   coldplayjakarta coldplayinjakarta,Neutral,no aspect
429, have fun everyone hope everything is under control and enjoy the concert for all,Positive,no aspect
430,lba  premium  coldplay concert jan  cutie ,Positive,no aspect
431, please release a concert of your tour on blue ray or on some platform please i only got to see you in the cinema and that was over a year ago ,Positive,no aspect
432, will be the best concert ever in ,Positive,no aspect
433,police announce traffic diversion to anticipate coldplay concert  tempoenglish,Neutral,no aspect
434,conservative muslims protest coldplays planned concert in indonesia over the bands lgbtq support  coldplayjakarta  ,Positive,no aspect
435,wtb   coldplay music of spheres concert in kuala lumpur   need ticket cat section   please dm me if u have any  wtb coldplayinkl coldplayinmy,Positive,ticket
436,i am taking chanyeol in a form of photocard lol to coldplay concert today,Positive,no aspect
437,wts want to sell coldplay concert in singapore   january  tix cat  sec  row j original price negotiable cod denpasarjakartabintaro accept indonesian bank transfer only  all proof by dm  ,Positive,ticket
438,have fun everyone at  concert ,Positive,no aspect
439,may everyone that is going to coldplays concert today will have the best times of their lives,Positive,no aspect
440, to book a room for a coldplay concert will cost you  ,Neutral,ticket
441,catching up on bangtan content and i am full on sobbing at the behind vid of jin performing the astronaut at coldplays concert bring him back to me rn,Negative,no aspect
442,    well yes but i think timings of the essence here unfortunately her time in asia  oceania clashes with indonesias pemilu so tensions will definitely be high around that time also coldplays concert is literally being protested by those people rn imagine her with yntcd ,Negative,no aspect
443,my colleagues and bosses got a bunch of free coldplay tickets last minute and were all supposedly gonna be in the same zone standing lol  gonna be interesting to see all of us out of the hospital at a concert vibin together ,Positive,no aspect
444, just wondering if the track is open for parking this sunday for the coldplay concert,Neutral,no aspect
445,coldplay concert is one of my wishlist in lifetime for a long time      aaaaaaaaaaaaaaa      ,Neutral,no aspect
446,today coldplay hold their concert in my city and i cant attend it wawaaaaaaaaaaaaaaagggggghjjhhhhhjjjjh ,Neutral,no aspect
447,coldplay concert india  tickets price booking dates for asia tour ,Neutral,ticket
448, i only knew one coldplay song when i went to see them in concert and i absolutely fell in love with them at that concert,Positive,no aspect
449,  next week coldplay concert fr your outfit,Neutral,no aspect
450, then i de or  wife u up so u can take me to another coldplay concert and manifest jin is there,Neutral,no aspect
451,coldplay concert india  tickets price booking dates for asia tour ,Neutral,ticket
452,those who refuse coldplay concerts in indonesia will definitely not accept this,Negative,no aspect
453,the worst experiences today with   who changed our flight in lest than  hours due to downside of the plane in a peak week with coldplay concerts and having tickets  months in advance,Negative,no aspect
454,i would absolutely love to go to a coldplay concert are you kidding me,Positive,no aspect
455, that people doesnt like coldplay they just listen to viva la vida and go to the concerts but a real coldplay like him that basically just lives posting photos and threads about the band and still votes bolsonaro is kinda sad,Negative,experience
456,ok i need to sleep i have seminar at  and a coldplay concert tonite,Positive,no aspect
457,coldplay concert india  tickets price booking dates for asia tour ,Neutral,ticket
458, coldplay best energy from any concert ive been to,Positive,no aspect
459,  me too or even a coldplay concert ,Neutral,no aspect
460,coldplay concert india  tickets price booking dates for asia tour ,Neutral,ticket
461,i am also watching a coldplay concert video  night made,Neutral,no aspect
462,ahhhh chrisssss welcome to indonesia chrissss   i forgot tomorrows coldplay concert  cryingggg plissss come back again until i watch u guysss i hv tried everything but i had too much competition just to watch u guys  never mind indonesia thailand,Positive,no aspect
463,coldplay concert india  tickets price booking dates for asia tour ,Neutral,ticket
464,this crowd is whiter than a coldplay concert,Neutral,experience
465,coldplay music of the spheres world tour day   jan    p each same price  lowerbox b regular  section  row    adjacent seats  meetup  rfs nadoble nang bili   wts lfb lbb lbox reg coldplay manila bulacan ph arena concert ticket tix coldplay motswt ,Neutral,ticket
466,    go ask  since all concert at ms monumental including madonna acdc harry styles coldplay and the weeknd has empty seat at that section doesnt matter since taylor still sold more tickets than any other artist in that stadium for a single day ,Negative,facility
467,life before coldplay concert in jakarta ,Neutral,no aspect
468,bru all my friends goin  coldplay concert,Positive,no aspect
469,im not going to open any social media tomorrow just to see peoples watching coldplay concert which is just a few kilometers from me while i have to go to work because i didnt get the tix i hate you all it should be me tf,Negative,no aspect
470,it has been reported thatÂ croke parkÂ is set to host a sixth concert next year with legendary rock bandÂ acdcÂ being rumoured to headline the show  if confirmed the band would join bruce springsteen and coldplay at the dublin stadium in   ,Positive,experience
471,hopefully yall who go to coldplay concert in jakarta will do this i heard amnesty indonesia will be there too so its the right time,Positive,no aspect
472,it has been reported thatÂ croke parkÂ is set to host a sixth concert next year with legendary rock bandÂ acdcÂ being rumoured to headline the show  if confirmed the band would join bruce springsteen and coldplay at the dublin stadium in   ,Positive,experience
473,in all seriousness i do hope coldplay is having a wonderful time in indonesia either with the culture or the people so that indonesia will always be a home for them   good luck for todays concert at gelora bung karno stadium  break a leg coldplayjakarta,Positive,no aspect
474,mrt jakartas operating hours on the day of the coldplay concert at gelora bung karno stadium jakarta on wednesday  will be extended until  am  seatoday seatodaynews indonesia jakarta mrtjakarta coldplay musicofthespheresworldtour ,Neutral,no aspect
475,  security guard coldplay concert ,Positive,no aspect
476,one of the best and first watching concert is coldplay paris  mylo xyloto tour and tomorrow coldplay is getting concert in gelora bung karno jakarta have a nice day in jakarta c w g j ,Positive,no aspect
477,concerts ive been to this year  harry styles x sam fender coldplay inhaler louis tomlinson x,Neutral,no aspect
478, its apparently real enough to trigger you out of going to a coldplay concert ,Neutral,no aspect
479, p welcome to jakarta city of the winner  enjoy guys  dont forget to banda neira if you finish from the concert ,Positive,no aspect
480,really sad rn bcs pupus bucket list aku nonton coldplay concert hufttt ,Negative,no aspect
481,selling my ticket for coldplay concert in january for only k,Neutral,ticket
482,spreen is an argentinian content creator who met jin at the coldplay concert and fell in love with the astronaut lets vote for him i just cast my vote for spreen who will you vote for thegameawards  ,Positive,no aspect
483,attending a coldplay concert here ,Neutral,no aspect
484,idk what should i do w my life anymore i have coldplay concert tmr but oor mfs im ,Negative,no aspect
485,man i wish i could attend a coldplay concert just to hear them perform the whole of parachutes,Positive,no aspect
486,minister of tourism and creative economy sandiaga uno said that coldplays concert on november   would still be held despite some rejections   seatoday seatodaynews jakarta indonesia coldplay musicofthespheresworldtour ,Positive,no aspect
487, you can join coldplay malaysia telegram there fans discuss all sorts of stuffs regarding the concert link should be on their x platform,Positive,no aspect
488,got concert tickets for ed sheeran coldplay and taylor swift next year pretty stoked icl,Positive,no aspect
489,guys  this morning my friend that live in taiwan sent me this video of coldplay singing my universe in their concert  temenku tau kalo aku army dan dia ngirimin ini pagi pagi tadi  aaaaaaaaaa gomawo chinguyaaaa   all credits to my friend do not allow to claim it ,Positive,experience
490,this boycott against coldplays concert is so funny because theyre heterosexual as fuck,Negative,no aspect
491,me as a baby army hopping on a flight to los angeles for the first time with  to my name and my moms credit card to stay for an entire week and see the tannies for  shows while also seeing megan thee stallion and coldplay my last ot concert too  ,Positive,no aspect
492,it was a good choice not to attend coldplay concert since i just know  of their songs list and not even one song i remember a whole lyric  im a type of person who attend concert to sing live with the singer,Positive,experience
493,   most beautiful concert picture i have ever seen there is so much love in it ,Positive,no aspect
494,wts  tix coldplay kuala lumpur cat  section  seat  row ff price rm negotiable and installment accepted dm for any questions coldplayinmalaysia coldplayconcert coldplaykualalumpur,Positive,ticket
495,aku pergi concert coldplay fuck you,Negative,no aspect
496,wts  tix coldplay kuala lumpur cat  section  seat  row l price rm negotiable and installment accepted dm for any questions coldplayinmalaysia coldplayconcert coldplaykualalumpur,Positive,ticket
497,i thought im gonna be fine didnt get coldplay tickets concert but now i feelgalau,Positive,no aspect
498,conservative muslims protest coldplays planned concert in indonesia over the bands lgbtq support from  ,Positive,no aspect
499,my only will to live rn is the coldplay concert next week i cant wait to float in the sky when chris martin sings yellow,Neutral,experience
500,me instigating any coldplay discourse so that theyr concert get canceled too ,Neutral,no aspect
501,submitted a leave and put attending coldplay concert ya pak d  then he said have fun for tomorrow tadi sore  ahhh i lov my boss ,Positive,no aspect
502,want to sell coldplay concert singapore    january   only  ticket  cat  general standing festival  gate  price  million hit me up to instagram  coldplaysingapore coldplayconcert coldplaytickets,Positive,ticket
503,candle light concert  candlelightconcerts coldplay,Neutral,no aspect
504,can we get a coldplay concert inside the las vegas sphere,Neutral,no aspect
505,wts lfb ph  coldplay music of the spheres day    lowerbox b reg     price  same price  rfs decided not to push through since planning to attend another concert the next day at the same venue  ticket on hand   loc cebu city,Positive,ticket
506, coldplay punya concert siap ada moment of silence for palestine i heard,Neutral,experience
507,gonna see coldplay tomorrow and fly to yogyakarta the next day so i must pack my luggage but here i am busy looking for vs concert fancams i want to see nobodys home feat hiroki ,Positive,no aspect
508,guys how do i break the news to my mom that im going to coldplays concert next week  note  dia x kasi pegi even before the tickets went on sale    so like im still going i just dk how and when should i tell her  ,Positive,no aspect
509, like a dream to see you both in jakarta   and my nightmare i cant see you in my country   hope i can attend your concert someday ,Positive,no aspect
510, and concert postponed bcs chris got an ispa due to bad air quality,Negative,facility
511,i should make coldplay stickers to sell tbh im a broke college student need all the money for the coldplay concert ffs should i,Negative,ticket
512, i have a chance to see you in concert but just get well ,Positive,no aspect
513,so honour to be part of this incredible concert  hope to see you again someday coldplay   thank you for the beautiful memories ,Positive,experience
514, welcome to jakarta chrisbtw i cant see your concertcz i dont get the ticketenjoy your concert,Positive,no aspect
515,help rt scammer   wts coldplay jakarta wtb cat tix tiket ticket konser concert cat         festival penipu scam tipu bodygoodess,Positive,ticket
516,i forgot coldplay were coming for a concert here hope you enjoy your time coldplay hyungs   also  at chris casually walking the streets of jakarta barefooted its fricking hot here ,Positive,no aspect
517, welcome to the hot country indonesia sadly i cant go to your concert tomorrow please be mind and take serious action for the ticket scalpers when you see them tomorrow im  sure you could meet them at the venue holding the ticket and asking people around,Positive,ticket
518,  gimme free ticket to your concert ,Positive,ticket
519, i wish you the safest for your concert in my country iykyk,Positive,no aspect
520,concerts ive been to this year  otp x earcandy x lewis capaldi mneskin girl in red louis tomlinson x harry styles x neeve  niall horan pinkpop chase atlantic sos gracie abrams coldplay,Neutral,no aspect
521,lol coldplay support all human rights in their recent concert chris even mentioned about congo and palestine,Positive,no aspect
522,next week concert coldplay,Neutral,no aspect
523,so  tmr is coldplay concert,Neutral,no aspect
524,could we please have another concert in tokyo as a reward if we stayed on the leaderboard til the end of the tour pretty please   ,Positive,no aspect
525,hey  i dont expect you to do this but a minute of silence to pray for palestine before your concert tomorrow means a lot to us its not about politics its about humanity and im sure you guys are against genocide amp  apartheid  see you tomorrow  coldplayjakarta,Positive,no aspect
526,coldplay concert brings  visitors nt million to kaohsiung  taiwan news  ,Neutral,no aspect
527,i definitely want to attend a coldplay concert in the future ,Positive,no aspect
528,  coldplay concert tours are the fucking best btw ,Positive,no aspect
529,  are these bands free and included with the ticket because im watching coldplay concert next yr and i want one,Positive,ticket
530,stuck somewhere between youll never be in your s again singing at coldplay concert and i need to save my money aaaaa send help,Positive,ticket
531,coldplay band members is reportedly arrived in jakarta for tomorrows concert   cant wait for tomorrow ,Neutral,experience
532,i wanna sell milo at coldplay concert but trial mengacau,Neutral,no aspect
533, hi kak aku ada tix general standing coldplay sg concert  jan   please dm for more information,Positive,no aspect
534, hi i have  tix general standing coldplay sg for concert  jan   please dm for more information,Positive,no aspect
535,  thats will break all time record for the biggest concert tour attandance in one city set by coldplay  nights at ms monumental buenos aires argentina ,Neutral,no aspect
536,i cant stop crying over coldplay concert and it will be tomorrow here,Positive,no aspect
537,okay i havent prepared anything for coldplay tomorrow  my good old concert bag is in my sisters possession well ,Positive,no aspect
538,we booked our flight back home after coldplay at around pm thinking wed be safe bc the concert gates open at pm rightcoldplay arent even starting until pm and they play for  hours  so we cant even watch the whole thing or we risk missing our flight fml,Positive,no aspect
539,thank you so much coldplay for playing here soon so the promoter is willing to provide water refills i hope this is gonna be a continuous action from this promoter for the next concerts,Positive,no aspect
540,  for concert it will do k max bc seat behide stage still she will break coldplay  nights at buenos aires argentina attendance record ,Neutral,facility
541,hopefully next yearnext  years ada concert skz kat my i nak nengok ln buat concert coldplay onz tak,Positive,no aspect
542, cancel je or boycott not sure if this concert is still relevant coldplay talks about peace justice but we dont see any,Positive,no aspect
543,mrt jakarta services extended for coldplay concert  tempoenglish,Neutral,no aspect
544,coldplay concert india  tickets price booking dates for asia tour ,Neutral,ticket
545,wtb lfs  ph helping a friend  looking for two  adjacent  coldplay music of the spheres world tour philippine arena manila  motstwtph    ubb only  day  only  max budget srp   no to scammers  jennduwishlizt    tix concert con motstwt manila lf ubb tickets,Positive,experience
546,coldplay concert india  tickets price booking dates for asia tour ,Neutral,ticket
547,wtr rent sewa hp   samsung s ultra   free powerbank  gdrive  jaminan  kartu id  for concert only  coldplay  nov k  ikon  nov k  twice  des k  another concert dm  testimonials  the view vs the fancam ,Positive,no aspect
548,  i wasnt asking if those two were sins or not we muslims are always aware of that i was asking whats the correlation btwn the two as you claimed that it was hypocrite to boikot mcd and going to coldplay concert,Negative,no aspect
549,its not too late to cancel ur opening appearance at the coldplay concert bestie,Negative,no aspect
550,whey i literally ingat announcement concert coldplay kat malaysia like  days time reallt files so fast,Positive,no aspect
551, wooei     pls cancel concert at jakarta   dont because of your concert our country is in chaos we dont like bands that support lgbt  listen this  ,Negative,no aspect
552,concerts ive been to this year   coldplay the weeknd mcfly x busted x louis tomlinson madness  weeks away,Negative,no aspect
553, november      indonesia concert sparked protests because of bands lgbtq support   coldplay performing in indonesia a devout muslim country nov    the gelora bung karno stadium in jakarta indonesia   ,Positive,no aspect
554,wtb  want to buy pengen beli coldplay jakarta   tix  cat    cod venue besok no scam please jauh scammer proofs amp  surat kuasa please  hit me up pls  tag wtt wts wtb ticket concert tiket konser coldplay jkt vip cat      wtbcoldplay zonauang,Positive,ticket
555,wtb  tix coldplay jakarta  november  day   t want to buy konser concert jkt indonesia ticket tiket,Positive,ticket
556,wtb ticket concert coldplay  tix festival prefer cod area bandung,Positive,ticket
557, calling coldplay fans   i have  ticket to coldplay kuala lumpur malaysia concert on november  if you are interested hmu,Positive,ticket
558,coldplays upcoming indonesian concert caused huge uproar and protests in the country because of the bands support for the lgbtq community ,Positive,no aspect
559,it blows my mind how the members and big hit staff have managed to come out with very different live productions to display each solo project  dia beacon  coldplay concert  dday tourbh  hobipollooza   sk music shows  tiny desk band sessions  times sq amp  audacy,Neutral,experience
560, oh but did you bring those back after concert i actually want to bring back for my memento btw tomorrow is coldplay jakarta so excited ,Positive,no aspect
561,selling one coldplayinmy ticket cat  row    original price    hirzan     coldplay malaysia concert ,Positive,ticket
562,wts tiket coldplay singapore concert date sabtu sat th january  web price  cat  tix section  row g seat  kubik experience tix  can use paypal  wise  paylater price before transfer fee   coldplayinsingapore ticketcoldplay ticketcoldplaymurah,Positive,ticket
563,open rent samsung s ultra   cod stasiun cod venue  coldplay  nov  ikon  nov  twice  des  enhypen sg  jan  nct   on hold sampai tiketing  price amp  tnc dmhub no wa di bio  t tags wts wtb wtr sewa want to rent hp konser concert fanmeet kpop ,Negative,ticket
564,and also next week is the coldplay concert i tell you november is the month ,Neutral,no aspect
565,since i realise that im failed to get tickets for coldplays concert in jakarta tomorrow for the sake of my mental health ive to do this temporarily its still hard to accept that i really didnt go to my favourite bands concert for calo youre a bastard  ,Negative,no aspect
566,cant wait for coldplay next week aaaaa im finally going for a coldplay concert cant believe,Neutral,no aspect
567,   ask him how much of stolen retail money he spent on that coldplay concert for citadel employees,Negative,ticket
568,wts coldplay concert in singapore date  january  last show   tickets general standing price negotiable   please reach me dm or mention me  serious buyer  wtscoldplay sellcoldplayconcert coldplayinsg coldplaysingapore,Positive,ticket
569,so if you are attending coldplays concert in malaysia or indonesia where it is comfortable to show your full support for palestine please do,Positive,experience
570,selling  tickets cat  for coldplay concert in kl dm me for details ,Neutral,no aspect
571,hey  can you make some sympathy similar like this for your concert in jakarta tomorrow  its not about politics its about humanity and im sure you guys are against genocide apartheid and ethnic cleansing  see you tomorrow  coldplayjakarta,Positive,no aspect
572,to anyone going to coldplays concert next week lets bring our palestine flag to show our support and solidarity for our brothers and sisters in palestine small steps leads to big changes  ceasefireingazanow  ceasefireforgaza freepalestine,Positive,experience
573, we went to coldplay concert in tokyo recently and they acknowledged the issues that the world is facing and does mention gaza but also expect them to be neutral in loving humanity as a whole we heard people shouting free palestine during his speech was heartfelt,Positive,no aspect
574,hey  can you do this too for your concert in jakarta tomorrow  its not about politics its about humanity and im sure you guys are against genocide and ethnic cleansing  coldplayinjakarta,Positive,no aspect
575,wts  tix of coldplay concert in sg   jan  same price with web y guyss contact dm ig williamkennes wts wtb wtt coldplayinsingapore wtbcoldplay wtscoldplay wttcoldplay wtbcoldplayinsg wtscoldplayinsg coldplayconcert coldplaysingapore ,Neutral,ticket
576,ito na ang sign   available pickupdropoff batasan don antonio circle centris cubao sm north marikina bgc and moa   coldplay music of the spheres concert carpool shuttle vanpool ph philippines bulacan  ,Neutral,experience
577, good afternoon how was the coldplay concert it was amazing i guess weloveyoujin  theastronaut  jin  ,Positive,no aspect
578,the fact i cant find any groupsfb groups for discussion about the perth coldplay concerts is making me so anxious,Negative,no aspect
579,lee chanhyuk  fix you coldplay  leechanhyuk akmu akmuconcert ,Neutral,no aspect
580,good luck for tomorrows concert  in jakarta ,Positive,no aspect
581,coldplay concert india  tickets price booking dates for asia tour ,Neutral,ticket
582,wtb  tix coldplay singapore concert on  cat  or   coldplayinsingapore wtb wtbcoldplay,Neutral,no aspect
583,one of my life goals is to attend a coldplay concert,Neutral,no aspect
584,oh wow i just realised coldplay concert is next week,Positive,no aspect
585,coldplay concert india  tickets price booking dates for asia tour ,Neutral,ticket
586,want to sale coldplay in bangkok sg tix only  side by side  for price dm  will be entering to the concert with me coldplayinbangkok wts wtb ,Positive,ticket
587,wts lfb helping a friend  coldplay music of the spheres philippine arena bulacan    ubd  adjacent day   k ea  can do meet ups  dm for sure buyers lets not waste each others time   tags tix ph philippines concert con mnl world tour lfb ticket tickets,Positive,ticket
588,open rent   samsung galaxy s  s ultra  iphone  pr  coldplay  ikon  twice   wtr want to rent hp concert konser fanmeet festival fansign mamamoo eaj park joyland lee junho coldplay sg jakarta,Positive,no aspect
589,fuck everyday life but i want to make a sign that says daddy its my birthday for the coldplay concert would chris hate that yes or yes lmaoo,Positive,no aspect
590,the woman in black is me when i saw her in front of me when she arrived at her special section at coldplay concert  ,Positive,no aspect
591,wts coldplay concert in gbk jakarta music of the spheres  november cat    pax reasonable amp  nego able price row awal,Neutral,ticket
592,the coldplay concert bikes are sending me,Neutral,no aspect
593, i want to be able to ride my ebike to a concert and have a place to plug it in and charge it while i relax and enjoy the show also not coldplay,Positive,experience
594,  according to global condition especially massacre holocaust genocide palestinian people by genocidal state israel would you mind please cancel the concert in indonesia because we are sad to see the world still having fun over other peoples suffering,Negative,no aspect
